{"bleu_score": 0.2729499514230456, "_timestamp": 1699032529.9064355, "_runtime": 168.66403651237488, "_step": 0, "_wandb": {"runtime": 167}}