{"bleu_score": 0.26345412186640804, "_timestamp": 1699023484.1848993, "_runtime": 182.7326102256775, "_step": 0, "_wandb": {"runtime": 181}}