{"train_loss": 30.97539270123335, "train_ppl": 4.896870132903698, "_timestamp": 1699023278.1084948, "_runtime": 2907.201192855835, "_step": 27, "dev_ppl": 8.59360680967383, "_wandb": {"runtime": 2906}}