{"train_loss": 23.98475000325559, "train_ppl": 3.4213444593965905, "_timestamp": 1699032334.0533066, "_runtime": 6673.186427593231, "_step": 67, "dev_ppl": 8.217962190574092, "_wandb": {"runtime": 6672}}