{"train_loss": 1, "_timestamp": 1700033543.9094305, "_runtime": 111.3757746219635, "_step": 1, "_wandb": {"runtime": 115}}